"tipo";"Nome";"indirizzo";"piva";"Tipo_Impresa";"ID"
"Cliente";"33SUN S.R.L.";"CONTRADA BALOCCO TORRAZZE SN- ZONA INDISTRIALE";"06693910969";;1
"Sito";"3SUN S.R.L. CONTRADA BALOCCO";"CONTRADA BALOCCO TORRAZZE SN- ZONA INDISTRIALE";"IT6693910969";;517
"Cliente";"Acciaierie di Verona S.P.A.";"Lungadige Galtarossa, 21C";"IT02830390304";"Grande Impresa Energivoro";2
"Sito";"ECOPROGRAM S.p.A. - Verona Osoppo";"Zona Industriale Rivoli - 33010";"IT02830390304";;199
"Sito";"Acciaierie di Verona Spa Lungadige Galtarossa";" ZONA INDUSTRIALE RIVOLI SNC - 33010 - OSOPPO (UD)";"02830390304";"Energivoro";433
"Cliente";"Cogne Acciai Speciali S.P.A.";"Via Paravera 16";"IT00571320076";"Energivoro";3
"Sito";"COGNE ACCIAI SPECIALI S.p.A.";"Via Paravera n°16";"IT00571320076";;216
"Cliente";"E-DISTRIBUZIONE S.P.A.";"VIA OMBRONE 2";"IT05779711000";"Grande Impresa";4
"Sito";"E-DISTRIBUZIONE - CAL";"VIA OMBRONE 2";"IT05779711000";"Grande Impresa Energivoro";346
"Sito";"E- DISTRIBUZIONE - CMP";"VIA OMBRONE 2";"IT05779711000";"Grande Impresa Energivoro";347
"Sito";"E-DISTRIBUZIONE-ERM";"VIA OMBRONE 2";"IT05779711000";"Grande Impresa Energivoro";348
"Sito";"E-DISTRIBUZIONE - LAM";"VIA OMBRONE 2";"IT05779711000";"Grande Impresa Energivoro";349
"Sito";"E- DISTRIBUZIONE - LOM";"VIA OMBRONE 2";"IT05779711000";"Grande Impresa";350
"Sito";"E- DISTRIBUZIONE -PIL";"VIA OMBRONE 2";"IT05779711000";"Grande Impresa";351
"Sito";"E-DISTRIBUZIONE - PUB";"VIA OMBRONE 2";"IT05779711000";"Grande Impresa";352
"Sito";"E- DISTRIBUZIONE - SAR";"VIA OMBRONE 2";"IT05779711000";"Grande Impresa";353
"Sito";"E- DISTRIBUZIONE - SIC";"VIA OMBRONE 2";"IT05779711000";"Grande Impresa";354
"Sito";"E- DISTRIBUZIONE -TOU";"VIA OMBRONE 2";"IT05779711000";"Grande Impresa";355
"Sito";"E-DISTRIBUZIONE - TRI";"VIA OMBRONE 2";"IT05779711000";"Grande Impresa";356
"Cliente";"Santex S.P.A.";"Via San Giovanni Sul Muro 1";"IT00860580158";"Energivoro";5
"Sito";"Santex S.P.A. - Meledo";"Via A. Santurro,2";"IT00860580158";;226
"Sito";"Santex S.P.A. - Sarego";"via Massina 10";"IT00860580158";;227
"Cliente";"Siat S.P.A.";"Via Gabriele Rossetti, 9";"IT02446240133";"Grande Impresa";6
"Sito";"SIAT S.p.A. - Turate";"Via Giancarlo Puecher, 22";"IT02446240133";;155
"Cliente";"Uniacque S.P.A.";"Via delle Canovine, 21 24126";"03299640163";"Grande Impresa";7
"Sito";"UniAcque - Bergamo";"via Goltara";"03299640163";;217
"Sito";"UniAcque - Cologno";"Via Lazio, 22, 24055";"03299640163";;219
"Sito";"UniAcque - Ghisalba";"Via Malpaga, 22";"03299640163";;220
"Sito";"UniAcque - Ranica";"Via Viandasso, 59 - - 24020";"03299640163";;222
"Cliente";"Enel Italia srl";"Viale Regina Margherita 125";"it06377691008";"Grande Impresa";8
"Sito";"ENEL ITALIA - SERIATE";"VIALE LOMBARDIA 67";"it06377691008";"Grande Impresa";357
"Sito";"ENEL ITALIA- BERUTO";"VIA CESARE BERUTO N 18";"it06377691008";"Grande Impresa";358
"Sito";"ENEL ITALIA -TRQ ROMA";"VIALE DI TOR DI QUINTO 47";"it06377691008";"Grande Impresa";359
"Sito";"ENEL ITALIA- FIRENZE";"LUNGARNO CRISTOFORO COLOMBO 54";"it06377691008";"Grande Impresa";360
"Sito";"ENEL ITALIA - BOLOGNA";"VIALE CARLO DARWIN 4";"it06377691008";"Grande Impresa";361
"Sito";"ENEL ITALIA - EGEO ROMA";"VIALE EGEO  150";"it06377691008";"Grande Impresa";362
"Sito";"ENEL ITALIA - SESTO SAN GIOVANNI";"VIALE ITALIA 26";"it06377691008";"Grande Impresa";363
"Cliente";"Ariston Thermo SpA";"Via Aristide Merloni, 45 - 60044";"IT01026940427";"Grande Impresa Energivoro";9
"Sito";"Ariston thermo - Cerreto";"Via Dante Alighieri n. 26 – 60043";"IT01026940427";;224
"Sito";"Ariston thermo - Genga";"Strada Comunale Frasassi - 60040";"IT0102694042";;225
"Gruppo";"THERMOWATT S.p.A.
THERMOWATT S.p.A. - Arcevia";"Via San Giovanni Battista n. 21 – 60011";"IT01226330429";;231
"Sito";"Thermowatt Arcevia";"Via San Giovanni Battista n. 21";"IT01226330429";;232
"Sito";"Thermowatt - Arcevia";"VIA SAN GIOVANNI BATTISTA 21";"IT01026940427";"Grande Impresa Energivoro";364
"Cliente";"Artemide S.p.A.";"Corso Monteforte, 19, CAP 20122";"IT00846890150";"Grande Impresa";10
"Sito";"ARTEMIDE S.p.A.";"Via Bergamo 18 e 17";"IT00846890150";;215
"Sito";"Artemide - Pregnana Milanese";"Milano (MI), Corso Monteforte 19, 20122";"IT00846890150";"Grande Impresa";504
"Cliente";"Asolo Polimeri S.p.A.";"via del lavoro, 17";"IT03959710264";"Energivoro";11
"Sito";"Asolo Polimeri S.p.A.";"via del lavoro, 17";"IT03959710264";;210
"Cliente";"CAP Nordovest";"via Bra 97";"00181710047";"Grande Impresa";12
"Sito";"CAP Nord Ovest - Fossano";"Strada del Santuario, 101 - CAP 12045";"00181710047";;203
"Sito";"Cap Nordovest - Savigliano";"Via della Morina, 4A - CAP 12038";"00181710047";;204
"Sito";"CAP Nordovest - Cuneo";"Via Bra 97 - 12100";"00181710047";;209
"Sito";"Cap Nordovest - Cavallerleone";"Via Racconigi, 25 - cap 12030";"00181710047";;211
"Cliente";"Cocacola";"Piazza Indro Montanelli, 30";"12363410155";"Grande Impresa";13
"Sito";"CocaCola - Marcianise";"Zona Industriale ASI - Loc. Campangelo – Marcianise (CE)";"12363410155";;163
"Sito";"Coca Cola - Nogara";"Via Molino di Sopra 66, 37054 Nogara (VR)";"12363410155";;164
"Sito";"Coca cola - Oricola";"Via Immagine, 1 ORICOLA";"12363410155";;166
"Sito";"Cocacola - Fonti del Vulture";"C.da Francesca";"IT01631010764";;230
"Cliente";"Costieri d'Alesio S.p.A.";"Via Leonardo da Vinci 29";"IT00103370490";"Media Impresa";14
"Sito";"Costieri d'Alessio SpA - DOGANALE";"Via Leonardo da Vinci 29 - 57123";"IT00103370490";;192
"Sito";"Costieri d'Alessio SpA - NAZIONALE";"Via Dello Scolmatore - 57123";"IT00103370490";;194
"Cliente";"Deichmann Calzature";"Via XXV Aprile 5";"IT05882460966";"Grande Impresa";15
"Sito";"DE Deichmann Calzature - Antegnate";"Via del Commercio 3";"IT05882460966";;229
"Cliente";"DIMO S.P.A.";"Via Trino 119";"IT00170580062";"Grande Impresa";16
"Sito";"DIMO S.P.A. - Torino 3";"STRADA ALTESSANO, n° 131 CAP 10121";"IT00170580062";;186
"Sito";"DIMO S.P.A. - Mondovì";"STRADA TANARO MONDOVI, n° SNC";"IT00170580062";;187
"Sito";"DIMO S.P.A. - Biella";"Viale Luigi Tenco 3/a";"IT00170580062";;188
"Cliente";"Eataly Distribuzione S.r.l.";"Via Nizza 224 - 10127";"09450580015";"Grande Impresa";17
"Sito";"EATALY DISTRIBUZIONE SRL - TORINO LINGOTTO";"Via Nizza 224 - 10127";"09450580015";;157
"Sito";"EATALY DISTRIBUZIONE Srl - MILANO";"Piazza XXV Aprile, 10 - 20121";"09450580015";;158
"Sito";"EATALY DISTRIBUZIONE SRL- ROMA";"Piazzale 12 Ottobre 1492, CAP 00154";"09450580015";;159
"Sito";"EATALY DISTRIBUZIONE SRL- BARI";"Fiera del Levante, Lungomare Starita, 4, CAP 70132";"09450580015";;160
"Sito";"EATALY DISTRIBUZIONE SRL - FIRENZE";"Firenze (FI) - Via dei Martelli 22 CAP 50129";"09450580015";;161
"Sito";"EATALY DISTRIBUZIONE SRL - PIACENZA";"Strada Farnese, 39";"09450580015";;162
"Cliente";"ECOPROGRAM S.p.A.";"Corso Matteotti 3";"IT01979860184";"Grande Impresa";18
"Sito";"ECOPROGRAM S.p.A. - Casei Gerola";"STRADA PROVINCIALE VOGHERA-NOVARA KM 0,550 206";"IT01979860184";;174
"Gruppo";"Eco Program Flotte S.R.L.";;"IT02348880069";;175
"Sito";"Eco Program Flotte S.R.L. Tortona";"Strada Savonesa 13, Fraz. Rivalta Scrivia, 
Tortona (AL)";"IT02348880069";;689
"Sito";"ECOPROGRAM S.p.A. - Verona";"Viale Del Lavoro, 29";"IT02348880069";;177
"Sito";"ECOPROGRAM S.p.A. - Firenze";"Via Curzio Malaparte 10";"IT02348880069";;176
"Cliente";"Enel S.p.A.";"Viale Regina Margherita, 137";"00934061003";"Grande Impresa";20
"Sito";"ENEL S.P.A.";"Viale Regina Margherita, 137";"00934061003";"Grande Impresa";365
"Cliente";"Enel X Italia Srl";"VIA FLAMINIA 970";"15844561009";"Grande Impresa";21
"Sito";"Enel.si";"VIA FLAMINIA 970";"15844561009";;366
"Cliente";"Eredi Gnutti Metalli";"Via della Volta 201";"IT00293910170";"Energivoro";22
"Sito";"Eredi Gnutti Metalli - Brescia";"Via della Volta, 201";"IT00293910170";;218
"Cliente";"Faser S.p.A.";"via ai Campi 4,6";"IT01413970136";"Energivoro";23
"Sito";"Faser S.p.A.";"VIA AI CAMPI, 4/6";"01413970136";;165
"Cliente";"Ferriere Nord S.p.A.";"Via della Siderurgica";"IT00163780307";"Grande Impresa Energivoro";24
"Sito";"Ferriere Nord S.p.A.";"Via della Siderurgica";"IT00163780307";;233
"Sito";"Ferriere Nord - Via Bologna 19, Nave";"Osoppo zona industriale rivoli SNC";"IT00163780307";"Grande Impresa";434
"Sito";"Ferriere Nord Osoppo";"Zona Industriale Rivoli, snc, 33010 Osoppo";;"Grande Impresa Energivoro";643
"Cliente";"Filatura Filconter s.r.l.";"Via di Migliana 1";"IT02342900970";"Energivoro";25
"Sito";"Filatura Fil-Conter S.r.l.";"Via di Migliana, 1";"IT02342900970";;208
"Cliente";"FINCONS S.P.A.";"Corso Magenta 56";"IT12795320154";"Grande Impresa";26
"Sito";"Fincons - Vimercate";"Via Torri Bianche, 10";"IT12795320154";;195
"Sito";"Fincons - Bari";"Via Orfeo Mazzitelli 258/E";"IT12795320154";;196
"Sito";"Fincons - Virtuale trasporti";"Corso Magenta 56";"12795320154";"Grande Impresa";461
"Cliente";"FIORENTINI FIRENZE S.p.A.";"via del Chianti, 36 – 50028 -TavernelleVal di Pesa";"04694610488";"Energivoro";27
"Sito";"Fiorentini Firenze Spa";"località Belvedere 26,";"IT04694610488";;212
"Cliente";"FLO S.p.A.";"Fraz. Ghiara Sabbioni 33/A";"IT00239470347";"Energivoro";28
"Sito";"FLO S.p.A.";"Fraz. Ghiara Sabbioni 33/A";"IT00239470347";;189
"Cliente";"Fondor";"Via Montebianco, 2";"IT00210520169";"Energivoro";29
"Sito";"Fondor";": Via Monte Bianco, 2";"IT00210520169";;213
"Cliente";"GROUPAMA ASSICURAZIONI S.p.A.";"Viale Cesare Pavese, 385";"00885741009";"Grande Impresa";30
"Sito";"Groupama Assicurazioni Spa";"Via Cesare Pavese 385 - 00144";"IT00885741009";;197
"Cliente";"Hapag Lloyd Italy Srl";"Via Cassala, 22";"01170060105";"Grande Impresa Energivoro";31
"Sito";"Hapag Lloyd (Italy) srl";"Piazza della Vittoria 10/3-6";"01170060105";;181
"Sito";"Hapag-Lloyd (Italy) - Livorno";"Via Grande 110, Livorno (LI)";;;644
"Cliente";"Humanitas SpA";"Via Alessandro Manzoni, 56, 20089 Rozzano (MI)";"10982360967";"Grande Impresa";32
"Sito";"Humanitas Mirasole SpA";"Via Manzoni n. 56";"10982360967";;167
"Sito";"Humanitas Spa - San Pio X";"Via Francesco Nava 31";"9291670967";;168
"Sito";"Humanitas Spa -  Mater Domini";"Via Gerenzano, 2 – 21053";"00340810126";;170
"Sito";"Humanitas Spa - Gradenigo";"Corso Regina Margherita 8/10 - 10153";"10683840010";;171
"Sito";"Humanitas Spa - Gavazzeni";"Via Mauro Gavazzeni, 21";"IT00468520168";;173
"Sito";"Humanitas - Cellini";"Via Benvenuto Cellini, 5, 10126";"00510380017";;179
"Sito";"Humanitas - Catania";"Via Vittorio Emanuele da Bormida, 64";"IT00288060874";;180
"Sito";"Humanitas University";"Via Rita Levi Montalcini 4,";"97692990159";;182
"Sito";"Humanitas - Castelli";"Via Mazzini, 11";"IT00468520168";;185
"Cliente";"Isa S.p.A.";"Via Madonna di Campagna, 123";"03159980543";"Grande Impresa";33
"Sito";"ISA S.p.A";"Via Madonna di Campagna, 123";"03159980543";;172
"Cliente";"ICCS - Istituto Clinico Città Studi S.p.A.";"Via Alfredo Catalani 20";"09444340153";"Grande Impresa";34
"Sito";"Istituto Clinico Città Studi S.p.A.";"Via Alfredo Catalani 20";"09444340153";;169
"Cliente";"Keter Italia";"via Ing. G. Taliercio 2";"IT09090250961";"Grande Impresa Energivoro";35
"Sito";"Keter Italia Via Ing. Taliercio";"via Ing. Taliercio 2";"IT09090250961";;191
"Sito";"Keter Italia - via marche 12";"Via marche 12";"09090250961";"Grande Impresa";426
"Cliente";"Leonardo S.p.A.";"Piazza Monte Grappa 4";"IT00881841001";"Grande Impresa";36
"Gruppo";"Leonardo Global Solution";;"IT08436391000";;49
"Sito";"Leonardo Global Solution - L'Aquila";"L'Aquila - mensa TASI";"IT08436391000";;63
"Sito";"Leonardo Global Solution - Genova";"Genova - via Negrone 1A";"IT08436391000";;62
"Sito";"Leonardo Global Solution - Roma Pastrengo";"via Pastrengo 20";"IT08436391000";;64
"Sito";"Leonardo Global Solution - Milano";"Milano, Via Palmanova, 185";"IT08436391000";;61
"Gruppo";"Leonardo TELESPAZIO";"Via Tiburtina 965";"IT04812701003";;50
"Sito";"Leonardo TELESPAZIO - Villapuzzu-Capo San Lorenzo";"Villapuzzu-Capo San Lorenzo";"IT04424091009";;153
"Sito";"Leonardo TELESPAZIO - Castellana Grotte - Via Brennero";"Castellana Grotte - Via Brennero";"IT04812701003";;145
"Sito";"Leonardo TELESPAZIO - Scanzano";"Scanzano - SP. Piana degli Albanesi  Km. 39.5";"IT04812701003";;146
"Sito";"Leonardo TELESPAZIO - Putignano";"Putignano - via Federico II";"IT04812701003";;147
"Sito";"Leonardo TELESPAZIO - Avezzano";"Avezzano - Monte Midia";"IT04812701003";;148
"Sito";"Leonardo TELESPAZIO - Palermo";"Palermo - CDA Cannavata";"IT04812701003";;149
"Sito";"Leonardo TELESPAZIO - Colico";"Colico - Loc. Pian di Spagna - Lario";"IT04812701003";;150
"Sito";"Leonardo TELESPAZIO - Avezzano";"Piana del Fucino, via Cintarella";"IT04812701003";;152
"Sito";"Leonardo TELESPAZIO - Tiburtina,1020";"Roma- Via Tiburtina,1020";"IT04424091009";;154
"Sito";"Leonardo TELESPAZIO - Sperone";"Gioia dei Marsi - cda Sperone";"IT04812701003";;144
"Sito";"Leonardo TELESPAZIO -Tiburtina, 965";"Via Tiburtina 965";"IT04812701003";;151
"Gruppo";"Leonardo E-GEOS";"Contrada Terlecchie - Matera";"IT01032180778";;51
"Sito";"Leonardo E-GEOS - Matera";"Contrada Terlecchie";"IT01032180778";;55
"Gruppo";"Leonardo VITROCISET";;"IT04424091009";;52
"Gruppo";"Leonardo LARIMART";;"IT00881071005";;53
"Sito";"Leonardo LARIMART - Roma";" Roma - Via di Torrevecchia 12";"IT00881071005";;60
"Gruppo";"Leonardo FATA LOGISTIC SYSTEMS";;"IT08401270015";;54
"Sito";"Leonardo FATA LOGISTIC SYSTEMS - Tito Scalo";;"IT08401270015";;59
"Sito";"Leonardo FATA LOGISTIC SYSTEMS - Napoli - Via Vicinale S.Maria del Pianto (902)";"Napoli - Via Vicinale S.Maria del Pianto (902)";"IT08401270015";;56
"Sito";"Leonardo FATA LOGISTIC SYSTEMS - Aprilia - v. Vallelata";"Aprilia - v. Vallelata";"IT08401270015";;58
"Sito";"Leonardo FATA LOGISTIC SYSTEMS - Napoli - Via Ferrante Imparato, 495 (082)";"Napoli - Via Ferrante Imparato, 495 (082)";"IT08401270015";;57
"Sito";"Leonardo - Grottaglie";"Strada Provinciale Grottaglie-Monteiasi 83/84";"IT00881841001";;65
"Sito";"Leonardo Napoli - Via Lucullo 104 A";"Via Lucullo 104 A";"IT00881841001";;66
"Sito";"Leonardo Roma - Via Laurentina, 756 (894A)";"Via Laurentina, 756 (894A)";"IT00881841001";;67
"Sito";"Leonardo  Siracusa - Via Lavaggi";"Via Lavaggi";"IT00881841001";;68
"Sito";"Leonardo Sarzana - Traversa I CISA";"Traversa I CISA";"IT00881841001";;69
"Sito";"Leonardo Rende - via Lecco (988)";"Rende - via Lecco (988)";"IT00881841001";;70
"Sito";"Leonardo Via Delle Pianazze";"Via Delle Pianazze";"IT00881841001";;71
"Sito";"Leonardo Samarate";"Via Cascina Costa, 22 (899)";"IT00881841001";;72
"Sito";"Leonardo Napoli - Traversa G. Temporini 5";"Napoli - Traversa G. Temporini 5";"IT00881841001";;73
"Sito";"Leonardo Samarate - Via G. Agusta, 518 (483)";"Samarate - Via G. Agusta, 518 (483)";"IT00881841001";;74
"Sito";"Leonardo La Spezia - Via Privata OTO";;"IT00881841001";;75
"Sito";"Leonardo Stresa - Regione Mottarone";;"IT00881841001";;76
"Sito";"Leonardo VERGHERA";;"IT00881841001";;77
"Sito";"Leonardo Roma - Via M. Prestinari 3A";;"IT00881841001";;78
"Sito";"Leonardo Bacoli - Arco Felice vecchio";;"IT00881841001";;79
"Sito";"Leonardo Samarate - Via G. Agusta, 506 (926)";;"IT00881841001";;80
"Sito";"Leonardo Rende - via Lecco (9855)";;"IT00881841001";;81
"Sito";"Leonardo Varese Valle Olona - Via Montenero";;"IT00881841001";;82
"Sito";"Leonardo Roma Aeroporto Urbe";;"IT00881841001";;83
"Sito";"Leonardo Bresso - Via Clerici, 342";;"IT00881841001";;84
"Sito";"Leonardo Pisa, via Marmiceto";;"IT00881841001";;85
"Sito";"Leonardo Samarate - Via G. Agusta, 453 (191)";;"IT00881841001";;86
"Sito";"Leonardo Vergiate - Via Roma, 33/A";;"IT00881841001";;87
"Sito";"Leonardo Genova - Via Puccini";"Via Giacomo Puccini 2";"IT00881841001";;88
"Sito";"Leonardo Roma - Via Tiburtina Km 12,38 - 1";"Via Tiburtina Km 12,38";"IT00881841001";;89
"Sito";"Leonardo Genova - Villa Cattaneo";;"IT00881841001";;90
"Sito";"Leonardo Pomezia - Via Pratica di Mare (685)";;"IT00881841001";;91
"Sito";"Leonardo Abbadia San Salvatore - v. Hamman";;"IT00881841001";;92
"Sito";"Leonardo Roma - Via S. Alessandro";;"IT00881841001";;94
"Sito";"Leonardo Sirio 2 - Via Levanella SNC - 52025 Montevarchi (AR)";;"IT00881841001";;95
"Sito";"Leonardo Lamezia Terme - Via Loriedo 6";;"IT00881841001";;96
"Sito";"Leonardo Casoria - Strada Statale 87 km 8,7";;"IT00881841001";;97
"Sito";"Leonardo Venegono Inferiore - P.zza Diaz, 5";;"IT00881841001";;98
"Sito";"Leonardo Catania - v. Agosta";;"IT00881841001";;99
"Sito";"Leonardo Pozzuoli - Via Monterusciello, 75";;"IT00881841001";;100
"Sito";"Leonardo Carsoli - Via  Turanense km 44,452";;"IT00881841001";;101
"Sito";"Leonardo Napoli - Via Comunale Tavernola snc";;"IT00881841001";;102
"Sito";"Leonardo Taranto - Qrt Paolo VI (Space Software Italia)";;"IT00881841001";;103
"Sito";"Leonardo Brescia - Via Lunga, 2";;"IT00881841001";;104
"Sito";"Leonardo Lonate Pozzolo";;"IT00881841001";;105
"Sito";"Leonardo Sirio 1 - Loc. Levanella - Becorpi SNC - 52025 Montevarchi (AR)";;"IT00881841001";;106
"Sito";"Leonardo L'Aquila - nucleo industriale di Pile snc";;"IT00881841001";;107
"Sito";"Leonardo Sirio 3 - Via Amman 99/10 - 53021 ABBADIA SAN SALVATORE";;"IT00881841001";;108
"Sito";"Leonardo Galatina - cda Torre Pinta";;"IT00881841001";;109
"Sito";"Leonardo - Roma Montegrappa";"Piazza Monte Grappa 4";"IT00881841001";;110
"Sito";"Leonardo Genova - Via Hermada 6";;"IT00881841001";;111
"Sito";"Leonardo Chieti - v. Mattei";;"IT00881841001";;112
"Sito";"Leonardo S. Maurizio Canavese - Strada Privata Aeroporto Caselle";;"IT00881841001";;113
"Sito";"Leonardo - Livorno";"Via di Levante, 48";"IT00881841001";;114
"Sito";"Leonardo Ronchi dei Legionari - Via M. Stoppani, 21 (5826)";;"IT00881841001";;115
"Sito";"Leonardo Palermo - Via Villagrazia, 79";;"IT00881841001";;116
"Sito";"Leonardo Roma - Via Laurentina, 756 (271A)";;"IT00881841001";;117
"Sito";"Leonardo Giugliano - Via Circonvallazione esterna di Napoli";;"IT00881841001";;118
"Sito";"Leonardo Pomezia - Viale dell'Industria, 4";;"IT00881841001";;119
"Sito";"Leonardo Benevento (Contrada Ponte Valentino) - Zona Industriale";;"IT00881841001";;120
"Sito";"Leonardo Sesto Calende - Piazza Indipendenza, 2";;"IT00881841001";;121
"Sito";"Leonardo Caselle Sud - Strada Malanghero";;"IT00881841001";;122
"Sito";"Leonardo Nerviano - Viale Europa - nuova utenza 908";;"IT00881841001";;123
"Sito";"Leonardo Frosinone - Via Giovanni Agusta, 1";;"IT00881841001";;124
"Sito";"Leonardo - Cisterna di Latina";"SS 148 Pontina Km 62 Borgo Bainsizza";"IT00881841001";;126
"Sito";"Leonardo Torino - Corso Marche, 41";;"IT00881841001";;127
"Sito";"Leonardo Bacoli - Via Fusaro, 267";;"IT00881841001";;128
"Sito";"Leonardo Campi Bisenzio - Via Einstein,  35";;"IT00881841001";;129
"Sito";"Leonardo Tessera - Via Triestina, 214";;"IT00881841001";;130
"Sito";"Leonardo Brindisi - Contrada Santa Teresa Pinti";;"IT00881841001";;131
"Sito";"Leonardo - Roma - Via Tiburtina Km 12,40";"Via Tiburtina Km 12,40";"IT00881841001";;132
"Sito";"Leonardo Anagni (Località Paduni) - Via Paduni, 5";;"IT00881841001";;133
"Sito";"Leonardo - La Spezia - Via Valdilocchi, 15";"Via Valdilocchi, 15";"IT00881841001";;134
"Sito";"Leonardo - Venegono Superiore";"Via Ingegnere Paolo Foresio, 1";"IT00881841001";;135
"Sito";"Leonardo Vergiate - Via Roma, 51";;"IT00881841001";;136
"Sito";"Leonardo - Caselle Nord";"Strada dell’Aeroporto, 1";"IT00881841001";;137
"Sito";"Leonardo - Cascina Costa";;"IT00881841001";;138
"Sito";"Leonardo - Pomigliano d'Arco";"Via dell’ Aeronautica";"IT00881841001";;139
"Sito";"Leonardo - Foggia";"Zona Asi_località Incoronata";"IT00881841001";;140
"Sito";"Leonardo - Polvica di Nola";"Via Boscofangone Zona ASI";"IT00881841001";;141
"Sito";"Leonardo - Cameri, Località Aeroporto SNC";"via Ticino";"IT00881841001";;142
"Sito";"Leonardo Grottaglie - Str. Prov. Grottaglie-Monteiasi, 83 (alta tensione)";;"IT00881841001";;143
"Sito";"Leonardo S.p.A. - Matera";"Contrada Terlecchie SNC";"IT00881841001";"Grande Impresa";367
"Sito";"Leonardo S.p.A. - TELESPAZIO AVEZZANO";"Piana del Fucino, Ortucchio, Via Cintarella, 67050 Ortucchio AQ";"04812701003";"Grande Impresa";368
"Sito";"Leonardo S.p.A.- TELESPAZIO ROMA";"Via Tiburtina 965";"04812701003";"Grande Impresa";369
"Sito";"Leonardo S.p.A. Pastrengo";"Via Pastrengo 20";"08436391000";"Grande Impresa";370
"Sito";"Leonardo - Vergiate";;;"Grande Impresa";642
"Cliente";"LSG SKY CHEFS S.p.A.";"via Carlo Seganti 1";"IT02512360120";"Grande Impresa";37
"Sito";"LSG SKY CHEFS S.p.A. - Fiumicino";"via Carlo Seganti 1";"IT02512360120";;183
"Sito";"LSG SKY CHEFS S.p.A. - Malpensa";"Strada perimetrale T1-T2";"IT02512360120";;184
"Cliente";"Lyreco Italia S.r.l.";"Via Victor Hugo, 4";"11582010150";"Grande Impresa";38
"Sito";"Lyreco Italia Srl";"Via Maestri del Lavoro, 1, 29010";" IT11582010150";;190
"Cliente";"MEONI FILATI Snc di MEONI EDO & C.";"Via Gherardo Nerucci snc";"IT01442660476";"Energivoro";39
"Sito";"MEONI FILATI Snc di MEONI EDO & C.";"via Gherardo Nerucci snc";"IT01442660476";;207
"Cliente";"Pastificio Rana - Moretta";"Via Pacinotti, 25";"IT01397480235";"Energivoro";40
"Sito";"Pastificio Rana - Moretta";"Via Mario Locatelli,6";"IT01397480235";;223
"Cliente";"PVH Italia S.p.A.";"via Podgora 2";"IT05586710484";"Grande Impresa";41
"Sito";"PVH - CK";"Corso Buenos Aires, 12 Angolo Viale Tunisia – 20124";"IT05586710484";;205
"Sito";"PVH ITALIA Srl - TH MILANO OBERDAN";"Piazza Guglielmo Oberdan, 2a -20129";"IT05586710484";;206
"Sito";"PVH ITALIA Srl - PODGORA";"Via Podgora, 2, 20122 Milano MI";"IT05586710484";;409
"Cliente";"Ramacciotti Plast S.r.l.";"Via Romana Ovest, 294";"00452430465";"Energivoro";42
"Sito";"Ramacciotti Plast S.r.l.";"Via Romana Ovest, 294";"IT00452430465";;234
"Cliente";"RITORCITURA NENCIARINI di Nenciarini Fabrizio & C. Snc";"Via Nuova Pantano 8 - 59100";"IT01652800978";"Energivoro";43
"Sito";"Ritorcitura Nenciarini Fabrizio di Nenciarini Fabrizio & C. S.n.c";"via Nuova di Pantano, 8 – 59100";"IT01652800978";;214
"Cliente";"Sogemi Invest S.r.l.";"Via I Maggio";"IT06720040481";"Piccola Impresa";44
"Sito";"Sogemi Invest S.r.l.";"Via I Maggio";"IT06720040481";;193
"Cliente";"Spin Aker S.r.l.";"Via di Terrarossa 8-20 - 59025";"02135420970";"Energivoro";45
"Sito";"spin Aker SRL";"Via Terrarossa 8-20 - 59025";"IT00509650024";;202
"Cliente";"Thales Alenia Space Italia";"Via Saccomuro 24";"IT00991340969";"Grande Impresa Energivoro";46
"Sito";"Thales Alenia Space Italia - Torino";"Strada Antica di Collegno, 253";"IT00991340969";;198
"Sito";"Thales Alenia Space Italia - Roma";"via Saccomuro, 24";"IT00991340969";;200
"Sito";"Thales Alenia Space Italia - L'Aquila";"Via Giandomenico Cassini n° 6";" IT00991340969";;201
"Cliente";"Trafileria A.Mauri e Figli S.p.A.";"Via Marco d'Oggiono, 14 - 23861";"IT00209800135";"Energivoro";47
"Sito";"TRAFILERIA A. MAURI E FIGLI S.p.A Via Marco";"Via Marco d'Oggiono, 14 CAP 23861";"00209800135";;228
"Cliente";"Umbra Cuscinetti";"Via V. Baldaccini 1";"02016930543";"Grande Impresa Energivoro";48
"Sito";"Umbragroup S.p.A.";"Via V. Baldaccini 1";"02016930543";;178
"Cliente";"Sis.ter S.p.A.";"Via Crema, 8";"IT00975820192";"Energivoro";156
"Sito";"Sis.ter S.p.A.";"Via Crema, 8";"IT00975820192";;221
"Cliente";"Fonderie Palmieri Spa";"Via Baldanzese 8";"IT	00429390487";;235
"Sito";"Fonderie Palmieri Spa";"Via Baldanzese 8";"IT00429390487";;236
"Cliente";"Cliente PER TEST";;;;237
"Sito";"Sito PER TEST";;;;238
"Cliente";"AutoFrigo Rieti";"Loc. San Sebastiano, snc";"00592370571";"Energivoro";239
"Cliente";"Valpharma International S.p.A.";"Via G. Morgagni 47864 - Pennabilli (RN)";"01351110414";;240
"Sito";"	Valpharma International S..a. - Pennabili";"Via G. Morgagni 2,  47864 - Pennabilli (RN)";"01351110414";;241
"Cliente";"Enel Energia S.p.A.";"Viale Regina Margherita 125";"15844561009";"Grande Impresa";242
"Sito";"Enel Energia S.p.A. - Taranto";"Viale Europa 186, Talsano";"15844561009";;243
"Cliente";"Test 16112021";;"sdsa";;258
"Sito";"sito TEST";;;;259
"Cliente";"Fiordo s.r.l.";"via Guzzafame, 35/37";"01660660034";"Piccola Impresa";260
"Sito";"Fiordo s.r.l.";"via Guzzafame, 35/37";"01660660034";"Grande Impresa";371
"Cliente";"Artestampa S.p.A.";"via Vittor Pisani, 10";"00368070132";"Piccola Impresa";261
"Sito";"Artestampa S.p.A.";"Via Petrarca, 1 22070, Luisago (CO)";"00368070132";"Piccola Impresa";372
"Cliente";"B.A.G. S.P.A.";"via dell'Industria,11";"01485570442";"Grande Impresa";262
"Sito";"B.A.G. S.P.A.";"via dell'Industria,11";"01485570442
01485570442";"Grande Impresa";373
"Cliente";"Aesica Pharmaceuticals S.r.l.";"via Praglia, 15";"07235680969";"Energivoro";263
"Sito";"Aesica Pharmaceuticals S.r.l.";"via Praglia, 15";"07235680969";"Energivoro";374
"Cliente";"Altair Chimica S.P.A.";"via Moie Vecchie, 13 - Saline di Volterra";"01359760509";"Grande Impresa Energivoro";265
"Sito";"Altair Chimica S.P.A.";"via Moie Vecchie, 13 - Saline di Volterra";"01359760509";"Grande Impresa Energivoro";375
"Cliente";"Bamaplast srl";"via Galvani, 18";"01178200471";"Piccola Impresa";266
"Sito";"Bamaplast srl";"via Galvani, 18";"01178200471";"Piccola Impresa";376
"Cliente";"Bon prix srl";"via Adua, 33";"01939830020";"Grande Impresa";268
"Cliente";"C*Blade SpA";"via Genova, 1";"01391770938";"Media Impresa";271
"Cliente";"Cagli Plast srl";"via del Trebbio,39";"01001160413";"Piccola Impresa";272
"Sito";"Cagliplast S.R.L. - Cagli";"Via del trebbio 39, Cagli (PU)";"IT01001160413";"Energivoro";421
"Cliente";"Cameo SpA";"Via Ugo la Malfa, 60";"00638480988";"Grande Impresa";273
"Sito";"Cameo SpA";"Via Ugo la Malfa, 60";"01572440178";"Grande Impresa";377
"Cliente";"Cartiera Giusta srl";"via Pertini, snc";"02193130461";"Grande Impresa Energivoro";274
"Sito";"Cartiera Giusta srl";"via Pertini, snc";"02193130461";;387
"Cliente";"Raffaele Caruso SpA";"via Croce Rossa, 2";"00145290342";"Grande Impresa";275
"Sito";"Raffaele Caruso SpA";"via Croce Rossa, 2";"00145290342";"Grande Impresa";378
"Cliente";"Celio Italia SpA";"via Agnello, 2";"12677890159";"Grande Impresa";276
"Sito";"Celio Italia SpA";"via Agnello, 2";"12677890159";"Grande Impresa";388
"Cliente";"Chiesi Farmaceutici SpA";"Via Palermo, 26A";"01513360345";"Grande Impresa";277
"Sito";"Chiesi Farmaceutici SpA";"Via Palermo, 26A";"01513360345";"Grande Impresa";379
"Cliente";"CSP International Fashion Group SpA";"via Piubega, 5C";"00226290203";"Grande Impresa Energivoro";278
"Sito";"CSP International Fashion Group SpA";"via Piubega, 5C";"00226290203";"Grande Impresa Energivoro";380
"Cliente";"DALMARE SpA";"via Castelli,6";"00397200494";"Energivoro";279
"Cliente";"Farmaceutici Damor SpA";"via Emilio Scaglione, 27";"00272420639";"Media Impresa";280
"Sito";"Farmaceutici Damor SpA";"via Emilio Scaglione, 27";"00272420639";"Media Impresa";381
"Cliente";"Deltaplast srl";"via dell'Industria, 10";"00511710246";"Energivoro";281
"Sito";"Deltaplast srl";"via dell'Industria, 10";"00511710246";"Energivoro";382
"Cliente";"Dopla SpA";"via Nuova Trevigiana, 126";"00556600260";"Grande Impresa Energivoro";283
"Cliente";"Elasten srl";"via Lungo il Ficarello, 18/1";"01519600975";"Energivoro";284
"Sito";"Elasten srl";"via Lungo il Ficarello, 18/1";"01519600975";"Energivoro";383
"Cliente";"Electrolux Professional SpA";"viale Treviso, 15";"IT00072220932";"Grande Impresa";285
"Cliente";"Fincantieri SpA";"via Genova,1";"00629440322";"Grande Impresa Energivoro";287
"Cliente";"Flextronics Manufacturing srl";"Strada al monte d'oro, 14";"04734890264";"Grande Impresa";289
"Sito";"Flextronics Manufacturing srl";"Strada al monte d'oro, 14";"04734890264VC";"Grande Impresa";384
"Cliente";"Fonderie Arizzi San Giorgio SpA";"via Partigiani, 27";"00665350161";"Energivoro";290
"Sito";"Fonderie Arizzi San Giorgio SpA";"via Partigiani, 27";"00665350161";"Energivoro";385
"Cliente";"Fucine Umbre srl";"via del Sersimone, 22";"00051220556";"Energivoro";291
"Cliente";"GE.BE.COM srl";"via Villa Rosina, 81";;"Piccola Impresa";292
"Cliente";"Granarolo SpA";"via Cadriano, 27/2";"04119190371";"Grande Impresa";293
"Cliente";"GUNA SpA";"via Palmanova, 71";"06891420157";"Grande Impresa Energivoro";294
"Cliente";"GVS SpA";"via Roma, 50";"00644831208";"Grande Impresa";295
"Cliente";"Hearst Magazines Italia SpA";"via Privata Roberto Bracco, 6";"12212110154";"Grande Impresa";296
"Cliente";"IDS Ingegneria Dei Sistemi SpA";"via E. Calabresi, 24";"00672210507";"Grande Impresa";297
"Cliente";"IPT Industria Plastica Toscana Soc. Coop.";"viale J.F. Kennedy, 184";"04582690485";;298
"Cliente";"Italcementi SpA";"via Stezzano, 87";"00223700162";"Grande Impresa Energivoro";299
"Cliente";"Italiaonline SpA";"via del Bosco Rinnovato, 8";"03970540963";"Grande Impresa";300
"Cliente";"Larioavicola SpA";"via Berina, 1";"02457320139";"Media Impresa";302
"Cliente";"Marazzi Group srl";"viale Regina Pacis, 39";"00611410374";"Grande Impresa";305
"Cliente";"Rino Mastrotto Group SpA";"via dell'Artigianato, 100";"02723000242";"Grande Impresa Energivoro";306
"Cliente";"Megagest srl";"SP Andria-Trani, Km 1,050";;"Energivoro";307
"Cliente";"Metalplastica srl";"via Cà Cornaro, 4";"01877480242";"Energivoro";308
"Cliente";"Ministero della Giustizia - Dip. Amministrazione Penitenziaria";"Largo Luigi Daga, 2";;"Media Impresa";309
"Cliente";"Newlat Food SpA";"via J. F. Kennedy, 16";"00183410653";"Grande Impresa Energivoro";310
"Cliente";"Ogliari Imballaggi srl";"viale Risorgimento, 23";"01255260190";"Piccola Impresa";311
"Cliente";"Olmo Giuseppe SpA";"via Spirano, 24";" 01268680160";"Grande Impresa";313
"Cliente";"Parà SpA";"via Ferruccio Radaelli,";"00229890165";"Grande Impresa";314
"Cliente";"Pentair Manufacturing Italy srl";"via Giuseppe Revere, 16";"05337720964";"Grande Impresa";315
"Cliente";"Nuova Rabbi Plast srl";"via Solidarnosc, 2";"02091350401";"Energivoro";316
"Cliente";"Ricoh Italia srl";"viale Sabotino, 19/2";"00748490158";"Grande Impresa";318
"Cliente";"Sacchi Giuseppe SpA";"Via Privata G. Sacchi, 2";"00689730133";"Grande Impresa";319
"Cliente";"Spartacus International srl";"via Bartolini, 349";"01137300479";"Energivoro";321
"Cliente";"Sud Seveso Servizi SpA";"via del Colombirolo, snc Loc. La Valle";"02288790138";"Media Impresa";323
"Sito";"Sud Seveso Servizi SpA";"via del Colombirolo, snc Loc. La Valle";"02288790138";"Media Impresa";389
"Cliente";"TCI Telecomunicazioni Italia srl";"via Parma, 14";"01356020121";"Grande Impresa Energivoro";324
"Sito";"TCI Telecomunicazioni Italia srl";;"01356020121";"Grande Impresa Energivoro";390
"Cliente";"Tecnocosmesi SpA";"via Ugo Foscolo, 4";"08382370156";"Media Impresa";325
"Cliente";"Tecnoform srl";"via Mattei, 1";"00916670342";"Media Impresa";326
"Cliente";"Therm-is Bizzotto srl";"via S. Francesco, 9";"01262660242";"Energivoro";327
"Cliente";"TI Group Automotive Systems SpA";"via Pinan, 2";"03191950108";"Grande Impresa Energivoro";328
"Cliente";"Trifarma SpA";"via G. Guarini Matteucci, 1";"06887600150";"Grande Impresa Energivoro";329
"Cliente";"Valbe Servizi SpA";"via Caravaggio, 42";"02050020136";"Media Impresa";330
"Cliente";"Valtidone Salumi SpA";"viale Frascati, 27";"01163140336";"Grande Impresa";331
"Cliente";"VAMA srl";"viale Europ, 436";;"Energivoro";332
"Cliente";"Salumificio Viani srl";"Loc. Cusona - Ulignano";"00922040522";"Energivoro";333
"Cliente";"wup-cementi";"via Castelnuovo del Friuli, 1";"03338380284";"Grande Impresa";334
"Cliente";"Casa di Cura Igea SpA";"via Marcona, 69";"02031760156";"Grande Impresa";335
"Sito";"Casa di Cura Igea SpA - Via Marcona 69";"via Marcona, 69";"02031760156";"Grande Impresa";391
"Cliente";"Enel Sì srl";"via Flaminia, 970";"IT05736981001";"Grande Impresa";336
"Cliente";"Turbocoating";"via Mistrali, 7 Loc. Rubbiano";"02087600348";"Energivoro";337
"Cliente";"AGBA SpA";"via G. Caproni, 1";"00468810213";"Grande Impresa";338
"Cliente";"Enel Global Trading SpA";"viale Regina Margherita, 125";"05918271007";"Grande Impresa";339
"Sito";"Enel Global Trading SpA";"viale Regina Margherita, 125";"05918271007";"Grande Impresa";386
"Cliente";"Eurospin Italia SpA";"via Campalto, 3/D";"02536510239";"Grande Impresa Energivoro";340
"Cliente";"Forte Village - Progetto Esmeralda srl";"SS 195 Km 39,600";"03478150927";"Grande Impresa";341
"Cliente";"Giorgio Gori srl";"via Lepori, 9 loc. Stagno";"00803490499";"Grande Impresa";342
"Sito";"Giorgio Gori srl";"via Lepori, 9 loc. Stagno";"00803490499";"Grande Impresa";392
"Cliente";"Ingram Micro srl";"via delle Industrie, 14/B";"10297220153";"Media Impresa";343
"Sito";"Ingram Micro srl";"via delle Industrie, 14/B";"10297220153";"Media Impresa";393
"Cliente";"Vallarta srl";"vico del ginnasio, 18";"01677910836";"Media Impresa";345
"Cliente";"OVV SPA";"Via Dante Alighieri, 67";"00787180165";;394
"Sito";"OVV SPA-Sito di Vaie (To)";"Via Nazionale, 30 - 10050 Vaie (TO";"IT00787180165";;668
"Cliente";"AIM S.R.L.";;"04538090160";;397
"Sito";"AIM - sito di LECCE";;"04538090160";;398
"Cliente";"TAF Abrasivi S.p.A.";"Via Beato Angelico 29/31";"00690840962";"Piccola Impresa";399
"Sito";"TAF Abrasivi S.p.A. -Via Beato Angelico, 29/31, 20900 Monza";"Via Beato Angelico 29/31";"00690840962";"Piccola Impresa";407
"Cliente";"Toninelli Group S.r.l";"Via Giorgio La Pira 32/34";"03836220982";"Media Impresa";400
"Sito";"Toninelli group -Bagnolo";"Via Giorgio La Pira n. 32/34 - 25021 Bagnolo Mella (BS)";"03836220982";"Media Impresa";406
"Cliente";"Steelco S.p.A.";"Via Belegante 27";"04311220265";"Grande Impresa";402
"Sito";"Steelco Belegante";"via belegante 27";"04311220265";"Grande Impresa";408
"Cliente";"Eurallumina S.p.A.";"LOCALITA’ PORTOVESME SNC";"00142410927";;410
"Sito";"Eurallumina S.p.A.";;;;412
"Cliente";"BASF Italia Spa";"Via marconato 8";"00688460963";"Grande Impresa";413
"Sito";"BASF ITALIA SPA - Fino Mornasco";"Via Marconato 8";"00688460963";;414
"Sito";"BASF ITALIA SPA - Roma Settecamini";"Via Marconato 8";"00688460963";"Grande Impresa";415
"Sito";"BASF ITALIA SPA - Zingonia (BG)";"Via Marconato 8";"00688460963";"Grande Impresa";416
"Sito";"BASF ITALIA SPA - Villanova D’Asti (AT)";"Via Marconato 8";"00688460963";"Grande Impresa";417
"Sito";"BASF ITALIA SPA - Giussano";"Via Marconato 8";"00688460963";"Grande Impresa";418
"Cliente";"Casa di cura privata del policlinico SPA";"Via Giuseppe Dezza 48";"00865130157";"Grande Impresa";422
"Sito";"Casa di cura privata del policlinico spa - Via Giuseppe Dezza 48";"Via Giuseppe Dezza 48";"00865130157";"Grande Impresa";423
;"Polipuglia società in accomandita semplice di De Nitto Marco & C";"Via Foggia 47, Barletta (BT)";"00426960720";"Energivoro";424
"Sito";"Polipuglia s.a.s. di De Nitto Marco & C - Barletta";"Via Foggia 47, Barletta (BT)";"00426960720";"Energivoro";425
"Cliente";"Banca Finint Spa";"Via V.Alfieri 1";"04040580963";"Grande Impresa";427
"Sito";"Banca Finint_trasporti";"via V.Alfieri 1";"04040580963";"Grande Impresa";428
"Cliente";"Finint Immobiliare S.r.l.";"via V.Alfieri 1";"04977190265";"Grande Impresa";429
"Sito";"Finint Immobiliare S.r.l.";"via V.Alfieri 1";"04977190265";"Grande Impresa";430
"Cliente";"Trifarma S.p.A";"Via Guido Giurini Matteucci 0001 - Milano";"06887600150";"Energivoro";435
"Sito";"Trifarma - Via Pavese 2 , Rozzano";;"06887600150";"Energivoro";436
"Cliente";"Base Alimentare S.r.l.";"Via Tevere 116";"01671370516";"Grande Impresa";437
"Sito";"Base Alimentare S.r.l.";"Via Tevere 116";"01671370516";"Grande Impresa";438
"Cliente";"Salerno Pulita S.p.A.";"VIA TIBERIO CLAUDIO FELICE 18 BIS, SALERNO";"03306830658";"Grande Impresa";439
"Sito";"SALERNO PULITA S.P.A. - VIA TIBERIO CLAUDIO FELICE 18 BIS";"VIA TIBERIO CLAUDIO FELICE 18 BIS";"03306830658";"Grande Impresa";440
"Sito";"SALERNO PULITA S.P.A. - VIA ANDREA DE LUCA SNC";"VIA TIBERIO CLAUDIO FELICE 18 BIS";"03306830658";"Grande Impresa";441
"Cliente";"C.A.F. S.R.L.";"VIA GRANDI 14";"10706730156";"Piccola Impresa";442
"Sito";"CAF Via Grandi 14, Truccazzano (MI)";"Via Grandi 14";"10706730156";"Piccola Impresa";443
"Cliente";"C.M.M. S.r.l.";"VIA MARCHIONALE 72/D - 46046 - MEDOLE (MN)";"01752930204";"Grande Impresa";446
"Sito";"C.M.M. S.r.l. -Via Marchionale, 56/72 - 46046 – Medole (MN)";;"01752930204";"Grande Impresa";447
"Cliente";"INTERNATIONAL SCHOOL OF EUROPE S.P.A.";"VIA MANFREDO CAMPERIO, 14 - 20123";"12932001006";"Grande Impresa";448
"Sito";"INTERNATIONAL SCHOOL OF EUROPE S.P.A. BARANZATE";"VIA I MAGGIO 20/22 - BARANZATE (MI) -20021";"12932001006";"Grande Impresa";449
"Sito";"INTERNATIONAL SCHOOL OF EUROPE S.P.A. Siena";"Strada del Petriccio e Belriguardo 49/1 53100 Siena";"12932001006";"Grande Impresa";454
"Cliente";"Cromodora Wheels S.p.A.";"VIA MONTICHIARI 20";"IT00303630172";"Grande Impresa Energivoro";450
"Sito";"Cromodora - Via Montichiari 20, Ghedi";"VIA MONTICHIARI 20";"IT00303630172";"Grande Impresa Energivoro";451
"Cliente";"INTERNATIONAL SCHOOLS OF ITALY Srl";"via Adda, 25 – 22073 Fino Mornasco";"03269720961";"Grande Impresa";455
"Sito";"INTERNATIONAL SCHOOLS OF ITAL Y S.R.L. Fino Mornasco";" via Adda, 25 – 22073 Fino Mornasco (COMO)";"03269720961";"Grande Impresa";456
"Cliente";"ST. LOUIS SCHOOL";"VIA CAVIGLIA 1 CAP 20139 – Milano (MI)";"06201530968";"Grande Impresa";457
"Sito";"St. Louis School - VIA CAVIGLIA 1 CAP 20139 – Milano (MI)";"VIA CAVIGLIA 1 CAP 20139 – Milano (MI)";"06201530968";;458
"Cliente";"Venator Italy S.r.l.";"Località Casone Snc";"01149920538";"Grande Impresa";459
"Sito";"Venator Italy Srl_Località Casone SNC";"Località Casone SNC";"01149920538";"Energivoro";460
"Cliente";"NIDEC-ASI S.p.A.";"Cinisello Balsamo (MI), Via Fratelli Gracchi 39, 20092";"03238380962";"Grande Impresa";462
"Sito";"NIDEC-ASI S.p.A. Cinisello Balsamo";"Cinisello Balsamo (MI), Via Fratelli Gracchi 39, 20092";"03238380962";"Grande Impresa";463
"Sito";"NIDEC-ASI S.p.A. Monfalcone";"Monfalcone (GO), Via Guglielmo Marconi 1, 34074";"03238380962";"Grande Impresa";464
"Sito";"NIDEC-ASI S.p.A. Montebello";" Montebello Vicentino (VI), Strada Statale 11 Ca' Sordis 4, 36075";"03238380962";"Grande Impresa";465
"Cliente";"TCI - TELECOMUNICAZIONI ITALIA - S.R.L.";"VIA PARMA 14";"01356020121";;466
"Sito";"TCI - TELECOMUNICAZIONI ITALIA - S.R.L. Saronno";" Saronno Via Parma 14";"01356020121";;467
"Cliente";"PERANO BRUNO S.r.l.";"Strada statale 14";"03096280049";;468
"Sito";"PERANO BRUNO S.r.l. Peveragno";" strada statale 14, Peveragno (CN)";"03096280049";;469
"Cliente";"Vogelsang Srl";"VIA BERTOLINO 9/A";"04925020960";"Piccola Impresa";470
"Sito";"VOGELSANG SRL VIA MARONA";"VIA BERTOLINO 9/A";"04925020960";;490
"Cliente";"Idrotherm 2000 S.p.a";;"IT01179830466";"Grande Impresa Energivoro";471
"Sito";"Idrotherm 2000  (Castelnuovo di Garfagnana)";;"IT01179830466";"Grande Impresa Energivoro";472
"Sito";"Idrotherm 2000  (Barga)";;"IT01179830466";"Grande Impresa Energivoro";473
"Cliente";"Madreperla SpA";;"02305950962";"Grande Impresa Energivoro";474
"Sito";"Madreperla Cinisello Balsamo";;"02305950962";"Grande Impresa Energivoro";475
"Cliente";"Simone Gatto Srl";"CONTRADA S.BIAGIO SN - 98045 - SAN PIER NICETO (ME)";"01777510833";"Media Impresa";476
"Sito";"Simone Gatto Srl";"CONTRADA S.BIAGIO SN - 98045 - SAN PIER NICETO (ME)";"01777510833";"Media Impresa";477
"Cliente";"ECOTECNICA SRL";;"02051620751";"Grande Impresa Energivoro";478
"Sito";"ECOTECNICA SRL SS.101 PER GALLIPOLI";"VIA PADRE DIEGO 98, LEQUILE (LE)";"02051620751";"Grande Impresa Energivoro";479
"Cliente";"GIOVANNI BOZZETTO S.P.A.";"via Provinciale 12";"04218720961";"Media Impresa";480
"Sito";"GIOVANNI BOZZETTO S.P.A. Strada Provinciale";"STRADA PROVINCIALE 12";"04218720961";"Media Impresa";481
"Cliente";"ALPLAST S.R.L.";"CORSO GUGLIELMO MARCONI 7";"00983810052";"Media Impresa";482
"Sito";"ALPLAST S.R.L. Strada San Damiano 90";"CORSO GUGLIELMO MARCONI 7";"00983810052";"Media Impresa";483
"Cliente";"ALUMINIUM GREEN S.P.A.";"VIA ANDREA FANTONI 8/10";"03303270981";"Piccola Impresa";484
"Sito";"ALUMINIUM GREEN S.P.A. NATALE";"VIA NATALE BERNARDI";"03303270981";"Piccola Impresa";485
"Cliente";"TRAFILERIE ALLUMINIO ALEXIA S.P.A.";"VIA ANDREA FANTONI 8/10";"02860650163";"Media Impresa";486
"Sito";"TRAFILERIE ALLUMINIO ALEXIA S.P.A. Al Piano";"Via Al Piano 32";"02860650163";"Media Impresa";487
"Cliente";"UTIL INDUSTRIES S.P.A.";"VIA PAPA GIOVANNI XXIII 10";"03765350966";"Grande Impresa Energivoro";488
"Sito";"UTIL INDUSTRIES S.P.A. VILLANOVA D'ASTI";"VIA PAPA GIOVANNI XXIII 10";"03765350966";"Grande Impresa Energivoro";489
"Cliente";"Cacciamatta";"Via San Rocco SNC";;"Piccola Impresa";491
"Sito";"Villa d'Almè - Cacciamatta";;;"Piccola Impresa";492
"Cliente";"Menz&Gasser";"zona industriale";"00230870222";"Grande Impresa";493
"Sito";"Menz&Gasser - Sanguinetto";;"00230870222";"Grande Impresa";494
"Cliente";"C.O.I.M. S.p.A.";;;;495
"Sito";"COIM - Offanengo";;;;496
"Cliente";"C.P.C. INOX S.P.A.";"VIA SENOFONTE 4";"13336550150";"Grande Impresa";497
"Sito";"C.P.C. INOX S.P.A._VIA MONZA SNC GESSATE";"VIA SENOFONTE 4";"13336550150";"Grande Impresa";498
"Cliente";"F.lli Ghezzi srl";;"00211000161";"Media Impresa";499
"Cliente";"LE SPECIALITA' ITALIANE";;"05041780650";"Grande Impresa Energivoro";500
"Sito";"LE SPECIALITA' ITALIANE - Sito di CAIVANO (NA)";;;;501
"Cliente";"GIAGUARO SPA";;"05041780650";"Grande Impresa Energivoro";502
"Sito";"GIAGUARO SPA - Sito di SARNO (SA)";;"05041780650";;503
"Cliente";"DAIKIN APPLIED EUROPE";;"04878860586";"Grande Impresa";505
"Sito";"DAIKIN APPLIED EUROPE - ARICCIA";;"04878860586";"Grande Impresa";506
"Sito";"DAIKIN APPLIED EUROPE - SETTALA";;"04878860586";"Grande Impresa";507
"Cliente";"Enel X S.r.l.";"Viale di tor di quinto 45";"09945270966";"Grande Impresa";508
"Sito";"Enel X Sito virtuale";"Viale di tor di quinto 45";"09945270966";"Grande Impresa";509
"Cliente";"EWIVA SRL";"VIA PRIVATA GROSIO 10/4";"16223171006";;510
"Sito";"EWIVA SRL";"SITO VIRTUALE COLONNINE";"16223171006";"Grande Impresa";511
"Cliente";"EUROAPI";;;"Grande Impresa Energivoro";512
"Sito";"EUROAPI - Sito di BRINDISI";;;"Grande Impresa Energivoro";513
"Cliente";"Sideralloys Italia spa";"Località polo industriale di portovesme s.p.2";"03748280926";"Media Impresa";514
"Sito";"Sideralloys Italia spa - Portoscuso";"Località polo industriale di portovesme s.p.2";"03748280926";"Media Impresa";515
"Cliente";"F.A.I. Offcine di Carvico S.p.A.";"via Don Angelo pedrinelli 36";"IT00226290161";"Piccola Impresa";516
"Cliente";"ACCIAIERIE ARVEDI S.P.A.";;;;518
"Sito";"ACCIAIERIE ARVEDI S.P.A.";"Via Donizetti 20 - 20121";;;519
"Cliente";"ACCIAIERIE BERTOLI SAFAU S.P.A.";"Via Buttrio, 28, 33050 Cargnacco, Pozzuolo del Friuli UD";"IT162880306";;520
"Sito";"ACCIAIERIE BERTOLI SAFAU S.P.A.";;"IT162880306";;521
"Cliente";"Advanced Nonwovens Techologies S.R.L.";;;;522
"Sito";"Advanced Nonwovens Techologies S.R.L.";;;;582
"Cliente";"ALENS S.R.L.";;;;523
"Sito";"ALENS S.R.L.";;;;583
"Cliente";"ALPERIA BARTUCCI S.P.A.";;;;524
"Sito";"ALPERIA BARTUCCI S.P.A.";;;;584
"Cliente";"Antica ceramica di Rubiera S.R.L.";;;;525
"Sito";"Antica ceramica di Rubiera S.R.L.";;;;585
"Cliente";"ARIZZI FONDERIE S. GIORGIO S.P.A.";;;;526
"Sito";"ARIZZI FONDERIE S. GIORGIO S.P.A.";;;;586
"Cliente";"ARVEDI TUBI ACCIAIO S.P.A.";;;;527
"Sito";"ARVEDI TUBI ACCIAIO S.P.A.";;;;587
"Cliente";"Bartucci S.P.A.";;;;528
"Sito";"Bartucci S.P.A.";;;;588
"Cliente";"Bennet S.P.A.";;;;529
"Sito";"Bennet S.P.A.";;;;589
"Cliente";"Brembo S.P.A.";"via Brembo, 25";"00222620163";"Grande Impresa";530
"Sito";"Brembo S.P.A.";"Via Brembo, 25";"IT	00222620163";;590
"Cliente";"CARCANO ANTONIO S.P.A.";;;;531
"Sito";"CARCANO ANTONIO S.P.A.";;;;591
"Cliente";"Industria Cementi Giovanni Rossi S.P.A.";;;;532
"Sito";"Industria Cementi Giovanni Rossi S.P.A.";;;;592
"Cliente";"Cliniche Gavazzeni S.P.A.";;;;533
"Sito";"Cliniche Gavazzeni S.P.A.";;;;593
"Cliente";"CottoPetrus S.R.L.";;;;534
"Sito";"CottoPetrus S.R.L.";;;;594
"Cliente";"Cressa Nonwovens S.R.L.";;;;535
"Sito";"Cressa Nonwovens S.R.L.";;;;595
"Cliente";"Dalmine S.P.A.";;;;536
"Sito";"Dalmine S.P.A.";;;;596
"Cliente";"ENEL SOLE S.R.L.";;;;537
"Sito";"ENEL SOLE S.R.L.";;;;597
"Cliente";"Enel.si S.R.L.";;;;538
"Sito";"Enel.si S.R.L.";;;;598
"Cliente";"Esselunga S.P.A.";;;;539
"Sito";"Esselunga S.P.A.";;;;599
"Cliente";"F2I RETI ITALIA S.P.A.";;;;540
"Sito";"F2I RETI ITALIA S.P.A.";;;;600
"Cliente";"FERRIERA VALSABBIA S.P.A.";;;;541
"Sito";"FERRIERA VALSABBIA S.P.A.";;;;601
"Cliente";"FINCANTIERI S.P.A.";;;;542
"Sito";"FINCANTIERI S.P.A.";;;;602
"Cliente";"G.B.M. S.P.A.";;;;543
"Sito";"G.B.M. S.P.A.";;;;603
"Cliente";"Gruppo Ceramiche Ricchetti S.P.A.";;;;544
"Sito";"Gruppo Ceramiche Ricchetti S.P.A.";;;;604
"Cliente";"Gruppo COIN S.P.A.";;;;545
"Sito";"Gruppo COIN S.P.A.";;;;605
"Cliente";"Gruppo Mastrotto S.P.A.";;;;546
"Sito";"Gruppo Mastrotto S.P.A.";;;;606
"Cliente";"Hservizi Spa";;;;547
"Sito";"Hservizi Spa";;;;607
"Cliente";"Ilta Inox S.P.A.";;;;548
"Sito";"Ilta Inox S.P.A.";;;;608
"Cliente";"INTESA SAN PAOLO S.P.A.";;;;549
"Sito";"INTESA SAN PAOLO S.P.A.";;;;609
"Cliente";"IRE – OMBA S.P.A.";;;;550
"Sito";"IRE – OMBA S.P.A.";;;;610
"Cliente";"JPE 2010";;;;551
"Sito";"JPE 2010";;;;611
"Cliente";"LORENZINI NATURAMICA O.P. S.c.a.r.l.";;;;552
"Sito";"LORENZINI NATURAMICA O.P. S.c.a.r.l.";;;;612
"Cliente";"Lucchini Industries S.R.L.";;;;553
"Sito";"Lucchini Industries S.R.L.";;;;613
"Cliente";"Lucchini Industries Srl";;;;554
"Sito";"Lucchini Industries Srl";;;;614
"Cliente";"Malaspina Energy S.c.a.r.l. in liquidazione";;;;555
"Sito";"Malaspina Energy S.c.a.r.l. in liquidazione";;;;615
"Cliente";"Monier Srl";;;;556
"Sito";"Monier Srl";;;;616
"Cliente";"Perfetti Van Melle Italia S.R.L.";;;;557
"Sito";"Perfetti Van Melle Italia S.R.L.";;;;617
"Cliente";"Provincia di Brescia";;;;558
"Sito";"Provincia di Brescia";;;;618
"Cliente";"Ravago Italia S.P.A.";;;;559
"Sito";"Ravago Italia S.P.A.";;;;619
"Cliente";"RONCADIN S.P.A.";;;;560
"Sito";"RONCADIN S.P.A.";;;;620
"Cliente";"SAMMONTANA S.P.A.";;;;561
"Sito";"SAMMONTANA S.P.A.";;;;621
"Cliente";"Seren S.R.L.";;;;562
"Sito";"Seren S.R.L.";;;;622
"Cliente";"Setyl S.R.L.";;;;563
"Sito";"Setyl S.R.L.";;;;623
"Cliente";"Siat S.P.A.";;;;564
"Sito";"Siat S.P.A.";;;;624
"Cliente";"Tyme S.R.L.";;;;565
"Sito";"Tyme S.R.L.";;;;625
"Cliente";"Union Service S.R.L.";;;;566
"Sito";"Union Service S.R.L.";;;;626
"Cliente";"YOUSAVE S.P.A.";;;;567
"Sito";"YOUSAVE S.P.A.";;;;627
"Cliente";"Feralpi Siderurgica S.P.A.";;;;568
"Sito";"Feralpi Siderurgica S.P.A.";;;;628
"Cliente";"Nuova Solmine S.p.A.";;;;569
"Sito";"Nuova Solmine S.p.A.";;;;629
"Cliente";"Deriplast Group S.r.l.";;;;570
"Sito";"Deriplast Group S.r.l.";;;;630
"Cliente";"Cogenio srl";;;;571
"Sito";"Cogenio srl";;;;631
"Cliente";"FEDABO S.p.A.";;;;572
"Sito";"FEDABO S.p.A.";;;;632
"Cliente";"COLACEM SPA";;;;573
"Sito";"COLACEM SPA";;;;633
"Cliente";"Sonatrach Raffineria Italiana S.r.l.";;;;574
"Sito";"Sonatrach Raffineria Italiana S.r.l.";;;;634
"Cliente";"Ceramiche Daytona S.p.A.";;;;575
"Sito";"Ceramiche Daytona S.p.A.";;;;635
"Cliente";"AVARA LISCATE PHARMACEUTICAL SERVICES S.P.A.";;;;576
"Sito";"AVARA LISCATE PHARMACEUTICAL SERVICES S.P.A.";;;;636
"Cliente";"FONDAZIONE DON ANGELO BELLANI ONLUS";;;;577
"Sito";"FONDAZIONE DON ANGELO BELLANI ONLUS";;;;637
"Cliente";"Bibetech S.p.A.";;;;578
"Sito";"Bibetech S.p.A.";;;;638
"Cliente";"FINE FOODS & PHARMACEUTICALS N.T.M. S.p.A.";;;;579
"Sito";"FINE FOODS & PHARMACEUTICALS N.T.M. S.p.A.";;;;639
"Cliente";"Sterilgarda Alimenti Spa";;;;580
"Sito";"Sterilgarda Alimenti Spa";;;;640
"Cliente";"Termica Colleferro";;;;581
"Sito";"Termica Colleferro";;;;641
"Cliente";"Gruppo Florence";;"11434590961";"Grande Impresa";645
"Sito";"METAPHORE- Via Toscana 9, Carpi (MO)";;;"Grande Impresa";646
"Sito";"MANIFATTURE CESARI- Via Elio Vittorini 10, Città di Castello (PG)";;;;647
"Sito";"MAGLIFICIO ERIKA Via Boschi 24 bis, Gazzo Veronese (VR)";;;;648
"Cliente";"Nichel Leghe S.p.a";"VIA PERGOLESI GIOVANNIBATTISTA 2";"07483530155";;649
"Sito";"Nichel Leghe S.p.a Via Martin Luther King, 12/14, Vittuone (MI)";;;;650
"Cliente";"2effe Enginering";"Via Brescia n.45 (BS)";"01955190986";"Media Impresa";651
"Sito";"Via Brescia n.45 – 25080 Soiano del lago (BS) – Italy";;"01955190986";"Media Impresa";652
"Cliente";"PRIMA COMPONENTS GRICIGNANO DI AVERSA SRL";"STRADA STATALE 6 CASILINA SUD KM 90200";"02928000609";"Grande Impresa Energivoro";653
"Sito";"PRIMA COMPONENTS GRICIGNANO DI AVERSA";" STRADA STATALE 6 CASILINA SUD KM 90200";"02928000609";"Grande Impresa";654
"Sito";"PRIMA COMPONENTS Paliano srl";"Paliano Località valle Zancati snc 03018";"03074090600";"Grande Impresa Energivoro";696
"Cliente";"PRIMA COMPONENTS PALIANO SRL";"LOCALITA VALLE ZANCATI SNC";"03074090600";"Grande Impresa";655
"Sito";"PRIMA COMPONENTS PALIANO SRL LOCALITA VALLE ZANCATI";"LOCALITA VALLE ZANCATI";"03074090600";"Grande Impresa";656
"Cliente";"SOLE SCANZOROSCIATE";"VIA ENRICO FERMI 57";"09953540961";"Grande Impresa";657
"Sito";"SOLE SCANZOROSCIATE VIA ENRICO FERMI 57";"VIA ENRICO FERMI 57";;"Grande Impresa";658
"Cliente";"SOLE SUZZARA SRL";"VIA CASILINA SUD SNC";"02353580208";"Grande Impresa Energivoro";659
"Sito";"SOLE SUZZARA SRL VIA CASILINA SUD SNC";"VIA CASILINA SUD SNC";"02353580208";"Grande Impresa Energivoro";660
"Cliente";"NATUZZI SPA";"VIA IAZZITIELLO 47";"03513760722";"Grande Impresa";661
"Sito";"NATUZZI SPA SP 236 KM 50200";"VIA IAZZITIELLO 47";"03513760722";"Grande Impresa";662
"Cliente";"SOLE PONTEDERA SPA";"VIA CASILINA SUD SNC";"01147910507";"Grande Impresa Energivoro";663
"Sito";"SOLE PONTEDERA SPA Zona Industriale Pip 3";"VIA CASILINA SUD SNC";"01147910507";"Grande Impresa Energivoro";664
"Cliente";"SESTA S.R.L.";"VIALE DELL'INDUSTRIA 44";"07316290639";"Energivoro";666
"Sito";"SESTA S.R.L. C.da Olivola area PIP 203";"VIALE DELL'INDUSTRIA 44";"07316290639";"Energivoro";667
"Cliente";"ASTER srl";;"00326240819";;669
"Sito";"ASTER srl Contrada Dara";;"00326240819";;670
;"BEFOOD srl";;"01406270551";;671
"Sito";"BEFOOD srl Strada di Piemonte 2";;;;672
"Cliente";"COS.PEL srl";"Via Venezia, 58 Mondovì (CN)";"02145810046";;673
"Sito";"COS.PEL srl Via Venezia 58";"via Venezia 58";"02145810046";;674
"Cliente";"DOGA Italia srl";"CASTELNUOVO CALCEA (AT) REGIONE OPESSINA 44 CAP
14040";"00826450157

Registro Imprese
00826450157
Registro Imprese
00826450157";;682
"Sito";"DOGA Italia srl Regione Opessina 44";"CASTELNUOVO CALCEA (AT) REGIONE OPESSINA 44 CAP
14040";"00826450157

Registro Imprese
00826450157
Registro Imprese
00826450157";;683
"Cliente";"A.D. TUBI INOSSIDABILI S.P.A.";"Via Adige, 2";"12147570159";;684
"Sito";"A.D. TUBI INOSSIDABILI S.P.A. Via Adige, 2";"Via Adige, 2";"12147570159";;685
"Cliente";"MARSH S.P.A";"VIALE BODIO LUIGI 33 - MILANO";"IT01699520159";;686
"Sito";"MARSH S.P.A VIALE BODIO LUIGI";"VIALE BODIO LUIGI 33 - MILANO";"IT01699520159";;687
"Sito";"MARSH S.P.A VIA CALABRIA";"VIA CALABRIA 31 - MILANO";"IT01699520159";;688
"Cliente";"Eure Inox S.r.l.";"via Leonardo Da Vinci 2/4, Peschiera Borromeo (MI).";"12193360158";;690
"Sito";"Eure Inox S.r.l. Peschiera Borromeo";"via Leonardo Da Vinci 2/4, Peschiera Borromeo (MI).";"12193360158";;691
"Cliente";"Multiplast Srl";"Zona Industriale I Stada SNC cap 93012";"01684220856";;692
"Sito";"Multiplast Srl Gela";"Zona Industriale I Stada SNC cap 93012";"01684220856";;693
"Cliente";"Gastronomica Roscio srl";"via Madonnina snc cap 27018";"01112270184";;694
"Sito";"Gastronomica Roscio srl Vidigulfo";"via Madonnina snc cap 27018";"01112270184";;695
"Cliente";"NT FOOD S.P.A";"Via della galeotta 6/c";"01354500462";"Media Impresa";697
"Sito";"NT FOOD S.P.A Porcari";"Via della galeotta 6/c";"01354500462";"Media Impresa";698
"Cliente";"Stamperia Resegone s.r.l.";"via Piani dei Resinelli 10, 22036 Erba (CO).";"00805920139";;699
"Sito";"Stamperia Resegone s.r.l. Erba";"via Piani dei Resinelli 10, 22036 Erba (CO).";"00805920139";;700
"Cliente";"Tecnostyle srl";"Via Monte Bianco 2/cap 31040";"04109020265";;701
"Sito";"Tecnostyle srl Via Monte Bianco";"Via Monte Bianco 2/cap 31040";"04109020265";;702
"Cliente";"Flexofar srl";"Zona ASI, 81030 Gricignano di Aversa (CE)";"IT02001580618";;703
"Sito";"Flexofar srl Aversa";"Zona ASI, 81030 Gricignano di Aversa (CE)";"IT02001580618";;704
"Cliente";"Cromogalante S.r.l.";"Via Undicesima Strada, 3 - 35129 Padova";"02195870288";;706
"Sito";"Cromogalante S.r.l. Padova";"Via Undicesima Strada, 3 - 35129 Padova";"02195870288";;707
"Cliente";"CEDIC S.r.l.";"Via della Liberazione, 63, 20068 Peschiera";;;709
"Sito";"CEDIC S.r.l. Mirandola";"Mirandola (MO), Via Giacomo Bove 3, 41037";"03118770365";;710
"Cliente";"Plast point srl";"via Terrarossa 2  CAP 59025";;;712
"Sito";"Plast point srl Cantagallo";"via Terrarossa 2  CAP 59025";"01922790470";;713
"Cliente";"Ergon Line S.r.l.";"Via dei Pioppi 2";"02303310201";;715
